id,type,app,module,message,DES.src,DES.dst,TOPO.src,TOPO.dst,module.src,service,time_in,time_out,time_emit,time_reception
1,COMP_M,SSMS,Computation,Task,1,20,10000,100,Source,62.5,110.015,172.515,100.0,110.015
11,COMP_M,SSMS,Computation,Task,1,20,10000,100,Source,62.5,210.015,272.515,200.0,210.015
21,COMP_M,SSMS,Computation,Task,1,20,10000,100,Source,62.5,310.015,372.515,300.0,310.015
31,COMP_M,SSMS,Computation,Task,1,20,10000,100,Source,62.5,410.015,472.515,400.0,410.015
41,COMP_M,SSMS,Computation,Task,1,20,10000,100,Source,62.5,510.015,572.515,500.0,510.015
51,COMP_M,SSMS,Computation,Task,1,20,10000,100,Source,62.5,610.015,672.515,600.0,610.015
61,COMP_M,SSMS,Computation,Task,1,20,10000,100,Source,62.5,710.015,772.515,700.0,710.015
71,COMP_M,SSMS,Computation,Task,1,20,10000,100,Source,62.5,810.015,872.515,800.0,810.015
81,COMP_M,SSMS,Computation,Task,1,20,10000,100,Source,62.5,910.015,972.515,900.0,910.015
91,COMP_M,SSMS,Computation,Task,1,22,10000,102,Source,62.5,1010.015,1072.5149999999999,1000.0,1010.015
92,COMP_M,SSMS,Computation,Task,3,21,10001,101,Source,62.5,1010.015,1072.5149999999999,1000.0,1010.015
93,COMP_M,SSMS,Computation,Task,5,20,10002,100,Source,62.5,1010.015,1072.5149999999999,1000.0,1010.015
101,COMP_M,SSMS,Computation,Task,1,22,10000,102,Source,62.5,1110.015,1172.515,1100.0,1110.015
102,COMP_M,SSMS,Computation,Task,3,21,10001,101,Source,62.5,1110.015,1172.515,1100.0,1110.015
103,COMP_M,SSMS,Computation,Task,5,20,10002,100,Source,62.5,1110.015,1172.515,1100.0,1110.015
111,COMP_M,SSMS,Computation,Task,1,22,10000,102,Source,62.5,1210.015,1272.515,1200.0,1210.015
112,COMP_M,SSMS,Computation,Task,3,21,10001,101,Source,62.5,1210.015,1272.515,1200.0,1210.015
113,COMP_M,SSMS,Computation,Task,5,20,10002,100,Source,62.5,1210.015,1272.515,1200.0,1210.015
121,COMP_M,SSMS,Computation,Task,1,22,10000,102,Source,62.5,1310.015,1372.515,1300.0,1310.015
122,COMP_M,SSMS,Computation,Task,3,21,10001,101,Source,62.5,1310.015,1372.515,1300.0,1310.015
123,COMP_M,SSMS,Computation,Task,5,20,10002,100,Source,62.5,1310.015,1372.515,1300.0,1310.015
131,COMP_M,SSMS,Computation,Task,1,22,10000,102,Source,62.5,1410.015,1472.515,1400.0,1410.015
132,COMP_M,SSMS,Computation,Task,3,21,10001,101,Source,62.5,1410.015,1472.515,1400.0,1410.015
133,COMP_M,SSMS,Computation,Task,5,20,10002,100,Source,62.5,1410.015,1472.515,1400.0,1410.015
141,COMP_M,SSMS,Computation,Task,1,22,10000,102,Source,62.5,1510.015,1572.515,1500.0,1510.015
142,COMP_M,SSMS,Computation,Task,3,21,10001,101,Source,62.5,1510.015,1572.515,1500.0,1510.015
143,COMP_M,SSMS,Computation,Task,5,20,10002,100,Source,62.5,1510.015,1572.515,1500.0,1510.015
151,COMP_M,SSMS,Computation,Task,1,22,10000,102,Source,62.5,1610.015,1672.515,1600.0,1610.015
152,COMP_M,SSMS,Computation,Task,3,21,10001,101,Source,62.5,1610.015,1672.515,1600.0,1610.015
153,COMP_M,SSMS,Computation,Task,5,20,10002,100,Source,62.5,1610.015,1672.515,1600.0,1610.015
161,COMP_M,SSMS,Computation,Task,1,22,10000,102,Source,62.5,1710.015,1772.515,1700.0,1710.015
162,COMP_M,SSMS,Computation,Task,3,21,10001,101,Source,62.5,1710.015,1772.515,1700.0,1710.015
163,COMP_M,SSMS,Computation,Task,5,20,10002,100,Source,62.5,1710.015,1772.515,1700.0,1710.015
171,COMP_M,SSMS,Computation,Task,1,22,10000,102,Source,62.5,1810.015,1872.515,1800.0,1810.015
172,COMP_M,SSMS,Computation,Task,3,21,10001,101,Source,62.5,1810.015,1872.515,1800.0,1810.015
173,COMP_M,SSMS,Computation,Task,5,20,10002,100,Source,62.5,1810.015,1872.515,1800.0,1810.015
181,COMP_M,SSMS,Computation,Task,1,22,10000,102,Source,62.5,1910.015,1972.515,1900.0,1910.015
182,COMP_M,SSMS,Computation,Task,3,21,10001,101,Source,62.5,1910.015,1972.515,1900.0,1910.015
183,COMP_M,SSMS,Computation,Task,5,20,10002,100,Source,62.5,1910.015,1972.515,1900.0,1910.015
191,COMP_M,SSMS,Computation,Task,1,23,10000,103,Source,62.5,2010.015,2072.5150000000003,2000.0,2010.015
193,COMP_M,SSMS,Computation,Task,5,22,10002,102,Source,62.5,2010.015,2072.5150000000003,2000.0,2010.015
194,COMP_M,SSMS,Computation,Task,7,21,10003,101,Source,62.5,2010.015,2072.5150000000003,2000.0,2010.015
195,COMP_M,SSMS,Computation,Task,9,20,10004,100,Source,62.5,2010.015,2072.5150000000003,2000.0,2010.015
192,COMP_M,SSMS,Computation,Task,3,23,10001,103,Source,62.5,2072.5150000000003,2135.0150000000003,2000.0,2010.015
203,COMP_M,SSMS,Computation,Task,5,22,10002,102,Source,62.5,2110.015,2172.515,2100.0,2110.015
204,COMP_M,SSMS,Computation,Task,7,21,10003,101,Source,62.5,2110.015,2172.515,2100.0,2110.015
205,COMP_M,SSMS,Computation,Task,9,20,10004,100,Source,62.5,2110.015,2172.515,2100.0,2110.015
201,COMP_M,SSMS,Computation,Task,1,23,10000,103,Source,62.5,2135.0150000000003,2197.5150000000003,2100.0,2110.015
202,COMP_M,SSMS,Computation,Task,3,23,10001,103,Source,62.5,2197.5150000000003,2260.0150000000003,2100.0,2110.015
213,COMP_M,SSMS,Computation,Task,5,22,10002,102,Source,62.5,2210.015,2272.515,2200.0,2210.015
214,COMP_M,SSMS,Computation,Task,7,21,10003,101,Source,62.5,2210.015,2272.515,2200.0,2210.015
215,COMP_M,SSMS,Computation,Task,9,20,10004,100,Source,62.5,2210.015,2272.515,2200.0,2210.015
211,COMP_M,SSMS,Computation,Task,1,23,10000,103,Source,62.5,2260.0150000000003,2322.5150000000003,2200.0,2210.015
223,COMP_M,SSMS,Computation,Task,5,22,10002,102,Source,62.5,2310.015,2372.515,2300.0,2310.015
224,COMP_M,SSMS,Computation,Task,7,21,10003,101,Source,62.5,2310.015,2372.515,2300.0,2310.015
225,COMP_M,SSMS,Computation,Task,9,20,10004,100,Source,62.5,2310.015,2372.515,2300.0,2310.015
212,COMP_M,SSMS,Computation,Task,3,23,10001,103,Source,62.5,2322.5150000000003,2385.0150000000003,2200.0,2210.015
221,COMP_M,SSMS,Computation,Task,1,23,10000,103,Source,62.5,2385.0150000000003,2447.5150000000003,2300.0,2310.015
233,COMP_M,SSMS,Computation,Task,5,22,10002,102,Source,62.5,2410.015,2472.515,2400.0,2410.015
234,COMP_M,SSMS,Computation,Task,7,21,10003,101,Source,62.5,2410.015,2472.515,2400.0,2410.015
235,COMP_M,SSMS,Computation,Task,9,20,10004,100,Source,62.5,2410.015,2472.515,2400.0,2410.015
222,COMP_M,SSMS,Computation,Task,3,23,10001,103,Source,62.5,2447.5150000000003,2510.0150000000003,2300.0,2310.015
243,COMP_M,SSMS,Computation,Task,5,22,10002,102,Source,62.5,2510.015,2572.515,2500.0,2510.015
244,COMP_M,SSMS,Computation,Task,7,21,10003,101,Source,62.5,2510.015,2572.515,2500.0,2510.015
245,COMP_M,SSMS,Computation,Task,9,20,10004,100,Source,62.5,2510.015,2572.515,2500.0,2510.015
231,COMP_M,SSMS,Computation,Task,1,23,10000,103,Source,62.5,2510.0150000000003,2572.5150000000003,2400.0,2410.015
232,COMP_M,SSMS,Computation,Task,3,23,10001,103,Source,62.5,2572.5150000000003,2635.0150000000003,2400.0,2410.015
253,COMP_M,SSMS,Computation,Task,5,22,10002,102,Source,62.5,2610.015,2672.515,2600.0,2610.015
254,COMP_M,SSMS,Computation,Task,7,21,10003,101,Source,62.5,2610.015,2672.515,2600.0,2610.015
255,COMP_M,SSMS,Computation,Task,9,20,10004,100,Source,62.5,2610.015,2672.515,2600.0,2610.015
241,COMP_M,SSMS,Computation,Task,1,23,10000,103,Source,62.5,2635.0150000000003,2697.5150000000003,2500.0,2510.015
242,COMP_M,SSMS,Computation,Task,3,23,10001,103,Source,62.5,2697.5150000000003,2760.0150000000003,2500.0,2510.015
263,COMP_M,SSMS,Computation,Task,5,22,10002,102,Source,62.5,2710.015,2772.515,2700.0,2710.015
264,COMP_M,SSMS,Computation,Task,7,21,10003,101,Source,62.5,2710.015,2772.515,2700.0,2710.015
265,COMP_M,SSMS,Computation,Task,9,20,10004,100,Source,62.5,2710.015,2772.515,2700.0,2710.015
251,COMP_M,SSMS,Computation,Task,1,23,10000,103,Source,62.5,2760.0150000000003,2822.5150000000003,2600.0,2610.015
273,COMP_M,SSMS,Computation,Task,5,22,10002,102,Source,62.5,2810.015,2872.515,2800.0,2810.015
274,COMP_M,SSMS,Computation,Task,7,21,10003,101,Source,62.5,2810.015,2872.515,2800.0,2810.015
275,COMP_M,SSMS,Computation,Task,9,20,10004,100,Source,62.5,2810.015,2872.515,2800.0,2810.015
252,COMP_M,SSMS,Computation,Task,3,23,10001,103,Source,62.5,2822.5150000000003,2885.0150000000003,2600.0,2610.015
261,COMP_M,SSMS,Computation,Task,1,23,10000,103,Source,62.5,2885.0150000000003,2947.5150000000003,2700.0,2710.015
283,COMP_M,SSMS,Computation,Task,5,22,10002,102,Source,62.5,2910.015,2972.515,2900.0,2910.015
284,COMP_M,SSMS,Computation,Task,7,21,10003,101,Source,62.5,2910.015,2972.515,2900.0,2910.015
285,COMP_M,SSMS,Computation,Task,9,20,10004,100,Source,62.5,2910.015,2972.515,2900.0,2910.015
262,COMP_M,SSMS,Computation,Task,3,23,10001,103,Source,62.5,2947.5150000000003,3010.0150000000003,2700.0,2710.015
291,COMP_M,SSMS,Computation,Task,1,25,10000,105,Source,62.5,3010.015,3072.515,3000.0,3010.015
292,COMP_M,SSMS,Computation,Task,3,24,10001,104,Source,62.5,3010.015,3072.515,3000.0,3010.015
295,COMP_M,SSMS,Computation,Task,9,22,10004,102,Source,62.5,3010.015,3072.515,3000.0,3010.015
296,COMP_M,SSMS,Computation,Task,11,21,10005,101,Source,62.5,3010.015,3072.515,3000.0,3010.015
297,COMP_M,SSMS,Computation,Task,13,20,10006,100,Source,62.5,3010.015,3072.515,3000.0,3010.015
271,COMP_M,SSMS,Computation,Task,1,23,10000,103,Source,62.5,3010.0150000000003,3072.5150000000003,2800.0,2810.015
272,COMP_M,SSMS,Computation,Task,3,23,10001,103,Source,62.5,3072.5150000000003,3135.0150000000003,2800.0,2810.015
301,COMP_M,SSMS,Computation,Task,1,25,10000,105,Source,62.5,3110.015,3172.515,3100.0,3110.015
302,COMP_M,SSMS,Computation,Task,3,24,10001,104,Source,62.5,3110.015,3172.515,3100.0,3110.015
305,COMP_M,SSMS,Computation,Task,9,22,10004,102,Source,62.5,3110.015,3172.515,3100.0,3110.015
306,COMP_M,SSMS,Computation,Task,11,21,10005,101,Source,62.5,3110.015,3172.515,3100.0,3110.015
307,COMP_M,SSMS,Computation,Task,13,20,10006,100,Source,62.5,3110.015,3172.515,3100.0,3110.015
281,COMP_M,SSMS,Computation,Task,1,23,10000,103,Source,62.5,3135.0150000000003,3197.5150000000003,2900.0,2910.015
282,COMP_M,SSMS,Computation,Task,3,23,10001,103,Source,62.5,3197.5150000000003,3260.0150000000003,2900.0,2910.015
311,COMP_M,SSMS,Computation,Task,1,25,10000,105,Source,62.5,3210.015,3272.515,3200.0,3210.015
312,COMP_M,SSMS,Computation,Task,3,24,10001,104,Source,62.5,3210.015,3272.515,3200.0,3210.015
315,COMP_M,SSMS,Computation,Task,9,22,10004,102,Source,62.5,3210.015,3272.515,3200.0,3210.015
316,COMP_M,SSMS,Computation,Task,11,21,10005,101,Source,62.5,3210.015,3272.515,3200.0,3210.015
317,COMP_M,SSMS,Computation,Task,13,20,10006,100,Source,62.5,3210.015,3272.515,3200.0,3210.015
293,COMP_M,SSMS,Computation,Task,5,23,10002,103,Source,62.5,3260.0150000000003,3322.5150000000003,3000.0,3010.015
321,COMP_M,SSMS,Computation,Task,1,25,10000,105,Source,62.5,3310.015,3372.515,3300.0,3310.015
322,COMP_M,SSMS,Computation,Task,3,24,10001,104,Source,62.5,3310.015,3372.515,3300.0,3310.015
325,COMP_M,SSMS,Computation,Task,9,22,10004,102,Source,62.5,3310.015,3372.515,3300.0,3310.015
326,COMP_M,SSMS,Computation,Task,11,21,10005,101,Source,62.5,3310.015,3372.515,3300.0,3310.015
327,COMP_M,SSMS,Computation,Task,13,20,10006,100,Source,62.5,3310.015,3372.515,3300.0,3310.015
294,COMP_M,SSMS,Computation,Task,7,23,10003,103,Source,62.5,3322.5150000000003,3385.0150000000003,3000.0,3010.015
303,COMP_M,SSMS,Computation,Task,5,23,10002,103,Source,62.5,3385.0150000000003,3447.5150000000003,3100.0,3110.015
331,COMP_M,SSMS,Computation,Task,1,25,10000,105,Source,62.5,3410.015,3472.515,3400.0,3410.015
332,COMP_M,SSMS,Computation,Task,3,24,10001,104,Source,62.5,3410.015,3472.515,3400.0,3410.015
335,COMP_M,SSMS,Computation,Task,9,22,10004,102,Source,62.5,3410.015,3472.515,3400.0,3410.015
336,COMP_M,SSMS,Computation,Task,11,21,10005,101,Source,62.5,3410.015,3472.515,3400.0,3410.015
337,COMP_M,SSMS,Computation,Task,13,20,10006,100,Source,62.5,3410.015,3472.515,3400.0,3410.015
304,COMP_M,SSMS,Computation,Task,7,23,10003,103,Source,62.5,3447.5150000000003,3510.0150000000003,3100.0,3110.015
341,COMP_M,SSMS,Computation,Task,1,25,10000,105,Source,62.5,3510.015,3572.515,3500.0,3510.015
342,COMP_M,SSMS,Computation,Task,3,24,10001,104,Source,62.5,3510.015,3572.515,3500.0,3510.015
345,COMP_M,SSMS,Computation,Task,9,22,10004,102,Source,62.5,3510.015,3572.515,3500.0,3510.015
346,COMP_M,SSMS,Computation,Task,11,21,10005,101,Source,62.5,3510.015,3572.515,3500.0,3510.015
347,COMP_M,SSMS,Computation,Task,13,20,10006,100,Source,62.5,3510.015,3572.515,3500.0,3510.015
313,COMP_M,SSMS,Computation,Task,5,23,10002,103,Source,62.5,3510.0150000000003,3572.5150000000003,3200.0,3210.015
314,COMP_M,SSMS,Computation,Task,7,23,10003,103,Source,62.5,3572.5150000000003,3635.0150000000003,3200.0,3210.015
351,COMP_M,SSMS,Computation,Task,1,25,10000,105,Source,62.5,3610.015,3672.515,3600.0,3610.015
352,COMP_M,SSMS,Computation,Task,3,24,10001,104,Source,62.5,3610.015,3672.515,3600.0,3610.015
355,COMP_M,SSMS,Computation,Task,9,22,10004,102,Source,62.5,3610.015,3672.515,3600.0,3610.015
356,COMP_M,SSMS,Computation,Task,11,21,10005,101,Source,62.5,3610.015,3672.515,3600.0,3610.015
357,COMP_M,SSMS,Computation,Task,13,20,10006,100,Source,62.5,3610.015,3672.515,3600.0,3610.015
323,COMP_M,SSMS,Computation,Task,5,23,10002,103,Source,62.5,3635.0150000000003,3697.5150000000003,3300.0,3310.015
324,COMP_M,SSMS,Computation,Task,7,23,10003,103,Source,62.5,3697.5150000000003,3760.0150000000003,3300.0,3310.015
361,COMP_M,SSMS,Computation,Task,1,25,10000,105,Source,62.5,3710.015,3772.515,3700.0,3710.015
362,COMP_M,SSMS,Computation,Task,3,24,10001,104,Source,62.5,3710.015,3772.515,3700.0,3710.015
365,COMP_M,SSMS,Computation,Task,9,22,10004,102,Source,62.5,3710.015,3772.515,3700.0,3710.015
366,COMP_M,SSMS,Computation,Task,11,21,10005,101,Source,62.5,3710.015,3772.515,3700.0,3710.015
367,COMP_M,SSMS,Computation,Task,13,20,10006,100,Source,62.5,3710.015,3772.515,3700.0,3710.015
333,COMP_M,SSMS,Computation,Task,5,23,10002,103,Source,62.5,3760.0150000000003,3822.5150000000003,3400.0,3410.015
371,COMP_M,SSMS,Computation,Task,1,25,10000,105,Source,62.5,3810.015,3872.515,3800.0,3810.015
372,COMP_M,SSMS,Computation,Task,3,24,10001,104,Source,62.5,3810.015,3872.515,3800.0,3810.015
375,COMP_M,SSMS,Computation,Task,9,22,10004,102,Source,62.5,3810.015,3872.515,3800.0,3810.015
376,COMP_M,SSMS,Computation,Task,11,21,10005,101,Source,62.5,3810.015,3872.515,3800.0,3810.015
377,COMP_M,SSMS,Computation,Task,13,20,10006,100,Source,62.5,3810.015,3872.515,3800.0,3810.015
334,COMP_M,SSMS,Computation,Task,7,23,10003,103,Source,62.5,3822.5150000000003,3885.0150000000003,3400.0,3410.015
343,COMP_M,SSMS,Computation,Task,5,23,10002,103,Source,62.5,3885.0150000000003,3947.5150000000003,3500.0,3510.015
381,COMP_M,SSMS,Computation,Task,1,25,10000,105,Source,62.5,3910.015,3972.515,3900.0,3910.015
382,COMP_M,SSMS,Computation,Task,3,24,10001,104,Source,62.5,3910.015,3972.515,3900.0,3910.015
385,COMP_M,SSMS,Computation,Task,9,22,10004,102,Source,62.5,3910.015,3972.515,3900.0,3910.015
386,COMP_M,SSMS,Computation,Task,11,21,10005,101,Source,62.5,3910.015,3972.515,3900.0,3910.015
387,COMP_M,SSMS,Computation,Task,13,20,10006,100,Source,62.5,3910.015,3972.515,3900.0,3910.015
344,COMP_M,SSMS,Computation,Task,7,23,10003,103,Source,62.5,3947.5150000000003,4010.0150000000003,3500.0,3510.015
391,COMP_M,SSMS,Computation,Task,1,27,10000,107,Source,62.5,4010.015,4072.515,4000.0,4010.015
392,COMP_M,SSMS,Computation,Task,3,26,10001,106,Source,62.5,4010.015,4072.515,4000.0,4010.015
393,COMP_M,SSMS,Computation,Task,5,25,10002,105,Source,62.5,4010.015,4072.515,4000.0,4010.015
394,COMP_M,SSMS,Computation,Task,7,24,10003,104,Source,62.5,4010.015,4072.515,4000.0,4010.015
397,COMP_M,SSMS,Computation,Task,13,22,10006,102,Source,62.5,4010.015,4072.515,4000.0,4010.015
398,COMP_M,SSMS,Computation,Task,15,21,10007,101,Source,62.5,4010.015,4072.515,4000.0,4010.015
399,COMP_M,SSMS,Computation,Task,17,20,10008,100,Source,62.5,4010.015,4072.515,4000.0,4010.015
353,COMP_M,SSMS,Computation,Task,5,23,10002,103,Source,62.5,4010.0150000000003,4072.5150000000003,3600.0,3610.015
354,COMP_M,SSMS,Computation,Task,7,23,10003,103,Source,62.5,4072.5150000000003,4135.015,3600.0,3610.015
401,COMP_M,SSMS,Computation,Task,1,27,10000,107,Source,62.5,4110.015,4172.515,4100.0,4110.015
402,COMP_M,SSMS,Computation,Task,3,26,10001,106,Source,62.5,4110.015,4172.515,4100.0,4110.015
403,COMP_M,SSMS,Computation,Task,5,25,10002,105,Source,62.5,4110.015,4172.515,4100.0,4110.015
404,COMP_M,SSMS,Computation,Task,7,24,10003,104,Source,62.5,4110.015,4172.515,4100.0,4110.015
407,COMP_M,SSMS,Computation,Task,13,22,10006,102,Source,62.5,4110.015,4172.515,4100.0,4110.015
408,COMP_M,SSMS,Computation,Task,15,21,10007,101,Source,62.5,4110.015,4172.515,4100.0,4110.015
409,COMP_M,SSMS,Computation,Task,17,20,10008,100,Source,62.5,4110.015,4172.515,4100.0,4110.015
363,COMP_M,SSMS,Computation,Task,5,23,10002,103,Source,62.5,4135.015,4197.515,3700.0,3710.015
364,COMP_M,SSMS,Computation,Task,7,23,10003,103,Source,62.5,4197.515,4260.015,3700.0,3710.015
411,COMP_M,SSMS,Computation,Task,1,27,10000,107,Source,62.5,4210.015,4272.515,4200.0,4210.015
412,COMP_M,SSMS,Computation,Task,3,26,10001,106,Source,62.5,4210.015,4272.515,4200.0,4210.015
413,COMP_M,SSMS,Computation,Task,5,25,10002,105,Source,62.5,4210.015,4272.515,4200.0,4210.015
414,COMP_M,SSMS,Computation,Task,7,24,10003,104,Source,62.5,4210.015,4272.515,4200.0,4210.015
417,COMP_M,SSMS,Computation,Task,13,22,10006,102,Source,62.5,4210.015,4272.515,4200.0,4210.015
418,COMP_M,SSMS,Computation,Task,15,21,10007,101,Source,62.5,4210.015,4272.515,4200.0,4210.015
419,COMP_M,SSMS,Computation,Task,17,20,10008,100,Source,62.5,4210.015,4272.515,4200.0,4210.015
373,COMP_M,SSMS,Computation,Task,5,23,10002,103,Source,62.5,4260.015,4322.515,3800.0,3810.015
421,COMP_M,SSMS,Computation,Task,1,27,10000,107,Source,62.5,4310.015,4372.515,4300.0,4310.015
422,COMP_M,SSMS,Computation,Task,3,26,10001,106,Source,62.5,4310.015,4372.515,4300.0,4310.015
423,COMP_M,SSMS,Computation,Task,5,25,10002,105,Source,62.5,4310.015,4372.515,4300.0,4310.015
424,COMP_M,SSMS,Computation,Task,7,24,10003,104,Source,62.5,4310.015,4372.515,4300.0,4310.015
427,COMP_M,SSMS,Computation,Task,13,22,10006,102,Source,62.5,4310.015,4372.515,4300.0,4310.015
428,COMP_M,SSMS,Computation,Task,15,21,10007,101,Source,62.5,4310.015,4372.515,4300.0,4310.015
429,COMP_M,SSMS,Computation,Task,17,20,10008,100,Source,62.5,4310.015,4372.515,4300.0,4310.015
374,COMP_M,SSMS,Computation,Task,7,23,10003,103,Source,62.5,4322.515,4385.015,3800.0,3810.015
383,COMP_M,SSMS,Computation,Task,5,23,10002,103,Source,62.5,4385.015,4447.515,3900.0,3910.015
431,COMP_M,SSMS,Computation,Task,1,27,10000,107,Source,62.5,4410.015,4472.515,4400.0,4410.015
432,COMP_M,SSMS,Computation,Task,3,26,10001,106,Source,62.5,4410.015,4472.515,4400.0,4410.015
433,COMP_M,SSMS,Computation,Task,5,25,10002,105,Source,62.5,4410.015,4472.515,4400.0,4410.015
434,COMP_M,SSMS,Computation,Task,7,24,10003,104,Source,62.5,4410.015,4472.515,4400.0,4410.015
437,COMP_M,SSMS,Computation,Task,13,22,10006,102,Source,62.5,4410.015,4472.515,4400.0,4410.015
438,COMP_M,SSMS,Computation,Task,15,21,10007,101,Source,62.5,4410.015,4472.515,4400.0,4410.015
439,COMP_M,SSMS,Computation,Task,17,20,10008,100,Source,62.5,4410.015,4472.515,4400.0,4410.015
384,COMP_M,SSMS,Computation,Task,7,23,10003,103,Source,62.5,4447.515,4510.015,3900.0,3910.015
395,COMP_M,SSMS,Computation,Task,9,23,10004,103,Source,62.5,4510.015,4572.515,4000.0,4010.015
441,COMP_M,SSMS,Computation,Task,1,27,10000,107,Source,62.5,4510.015,4572.515,4500.0,4510.015
442,COMP_M,SSMS,Computation,Task,3,26,10001,106,Source,62.5,4510.015,4572.515,4500.0,4510.015
443,COMP_M,SSMS,Computation,Task,5,25,10002,105,Source,62.5,4510.015,4572.515,4500.0,4510.015
444,COMP_M,SSMS,Computation,Task,7,24,10003,104,Source,62.5,4510.015,4572.515,4500.0,4510.015
447,COMP_M,SSMS,Computation,Task,13,22,10006,102,Source,62.5,4510.015,4572.515,4500.0,4510.015
448,COMP_M,SSMS,Computation,Task,15,21,10007,101,Source,62.5,4510.015,4572.515,4500.0,4510.015
449,COMP_M,SSMS,Computation,Task,17,20,10008,100,Source,62.5,4510.015,4572.515,4500.0,4510.015
396,COMP_M,SSMS,Computation,Task,11,23,10005,103,Source,62.5,4572.515,4635.015,4000.0,4010.015
451,COMP_M,SSMS,Computation,Task,1,27,10000,107,Source,62.5,4610.015,4672.515,4600.0,4610.015
452,COMP_M,SSMS,Computation,Task,3,26,10001,106,Source,62.5,4610.015,4672.515,4600.0,4610.015
453,COMP_M,SSMS,Computation,Task,5,25,10002,105,Source,62.5,4610.015,4672.515,4600.0,4610.015
454,COMP_M,SSMS,Computation,Task,7,24,10003,104,Source,62.5,4610.015,4672.515,4600.0,4610.015
457,COMP_M,SSMS,Computation,Task,13,22,10006,102,Source,62.5,4610.015,4672.515,4600.0,4610.015
458,COMP_M,SSMS,Computation,Task,15,21,10007,101,Source,62.5,4610.015,4672.515,4600.0,4610.015
459,COMP_M,SSMS,Computation,Task,17,20,10008,100,Source,62.5,4610.015,4672.515,4600.0,4610.015
405,COMP_M,SSMS,Computation,Task,9,23,10004,103,Source,62.5,4635.015,4697.515,4100.0,4110.015
406,COMP_M,SSMS,Computation,Task,11,23,10005,103,Source,62.5,4697.515,4760.015,4100.0,4110.015
461,COMP_M,SSMS,Computation,Task,1,27,10000,107,Source,62.5,4710.015,4772.515,4700.0,4710.015
462,COMP_M,SSMS,Computation,Task,3,26,10001,106,Source,62.5,4710.015,4772.515,4700.0,4710.015
463,COMP_M,SSMS,Computation,Task,5,25,10002,105,Source,62.5,4710.015,4772.515,4700.0,4710.015
464,COMP_M,SSMS,Computation,Task,7,24,10003,104,Source,62.5,4710.015,4772.515,4700.0,4710.015
467,COMP_M,SSMS,Computation,Task,13,22,10006,102,Source,62.5,4710.015,4772.515,4700.0,4710.015
468,COMP_M,SSMS,Computation,Task,15,21,10007,101,Source,62.5,4710.015,4772.515,4700.0,4710.015
469,COMP_M,SSMS,Computation,Task,17,20,10008,100,Source,62.5,4710.015,4772.515,4700.0,4710.015
415,COMP_M,SSMS,Computation,Task,9,23,10004,103,Source,62.5,4760.015,4822.515,4200.0,4210.015
471,COMP_M,SSMS,Computation,Task,1,27,10000,107,Source,62.5,4810.015,4872.515,4800.0,4810.015
472,COMP_M,SSMS,Computation,Task,3,26,10001,106,Source,62.5,4810.015,4872.515,4800.0,4810.015
473,COMP_M,SSMS,Computation,Task,5,25,10002,105,Source,62.5,4810.015,4872.515,4800.0,4810.015
474,COMP_M,SSMS,Computation,Task,7,24,10003,104,Source,62.5,4810.015,4872.515,4800.0,4810.015
477,COMP_M,SSMS,Computation,Task,13,22,10006,102,Source,62.5,4810.015,4872.515,4800.0,4810.015
478,COMP_M,SSMS,Computation,Task,15,21,10007,101,Source,62.5,4810.015,4872.515,4800.0,4810.015
479,COMP_M,SSMS,Computation,Task,17,20,10008,100,Source,62.5,4810.015,4872.515,4800.0,4810.015
416,COMP_M,SSMS,Computation,Task,11,23,10005,103,Source,62.5,4822.515,4885.015,4200.0,4210.015
425,COMP_M,SSMS,Computation,Task,9,23,10004,103,Source,62.5,4885.015,4947.515,4300.0,4310.015
481,COMP_M,SSMS,Computation,Task,1,27,10000,107,Source,62.5,4910.015,4972.515,4900.0,4910.015
482,COMP_M,SSMS,Computation,Task,3,26,10001,106,Source,62.5,4910.015,4972.515,4900.0,4910.015
483,COMP_M,SSMS,Computation,Task,5,25,10002,105,Source,62.5,4910.015,4972.515,4900.0,4910.015
484,COMP_M,SSMS,Computation,Task,7,24,10003,104,Source,62.5,4910.015,4972.515,4900.0,4910.015
487,COMP_M,SSMS,Computation,Task,13,22,10006,102,Source,62.5,4910.015,4972.515,4900.0,4910.015
488,COMP_M,SSMS,Computation,Task,15,21,10007,101,Source,62.5,4910.015,4972.515,4900.0,4910.015
489,COMP_M,SSMS,Computation,Task,17,20,10008,100,Source,62.5,4910.015,4972.515,4900.0,4910.015
426,COMP_M,SSMS,Computation,Task,11,23,10005,103,Source,62.5,4947.515,5010.015,4300.0,4310.015
435,COMP_M,SSMS,Computation,Task,9,23,10004,103,Source,62.5,5010.015,5072.515,4400.0,4410.015
491,COMP_M,SSMS,Computation,Task,1,28,10000,108,Source,62.5,5010.015,5072.515,5000.0,5010.015
493,COMP_M,SSMS,Computation,Task,5,27,10002,107,Source,62.5,5010.015,5072.515,5000.0,5010.015
494,COMP_M,SSMS,Computation,Task,7,26,10003,106,Source,62.5,5010.015,5072.515,5000.0,5010.015
495,COMP_M,SSMS,Computation,Task,9,25,10004,105,Source,62.5,5010.015,5072.515,5000.0,5010.015
496,COMP_M,SSMS,Computation,Task,11,24,10005,104,Source,62.5,5010.015,5072.515,5000.0,5010.015
499,COMP_M,SSMS,Computation,Task,17,22,10008,102,Source,62.5,5010.015,5072.515,5000.0,5010.015
500,COMP_M,SSMS,Computation,Task,19,21,10009,101,Source,62.5,5010.015,5072.515,5000.0,5010.015
426,SINK_M,SSMS,Actuator,Result,23,12,103,10006,Computation,0,5020.02,5020.02,5010.015,5020.02
436,COMP_M,SSMS,Computation,Task,11,23,10005,103,Source,62.5,5072.515,5135.015,4400.0,4410.015
492,COMP_M,SSMS,Computation,Task,3,28,10001,108,Source,62.5,5072.515,5135.015,5000.0,5010.015
435,SINK_M,SSMS,Actuator,Result,23,12,103,10006,Computation,0,5082.52,5082.52,5072.515,5082.52
491,SINK_M,SSMS,Actuator,Result,28,0,108,10000,Computation,0,5082.52,5082.52,5072.515,5082.52
493,SINK_M,SSMS,Actuator,Result,27,4,107,10002,Computation,0,5082.52,5082.52,5072.515,5082.52
494,SINK_M,SSMS,Actuator,Result,26,6,106,10003,Computation,0,5082.52,5082.52,5072.515,5082.52
495,SINK_M,SSMS,Actuator,Result,25,8,105,10004,Computation,0,5082.52,5082.52,5072.515,5082.52
496,SINK_M,SSMS,Actuator,Result,24,10,104,10005,Computation,0,5082.52,5082.52,5072.515,5082.52
499,SINK_M,SSMS,Actuator,Result,22,16,102,10008,Computation,0,5082.52,5082.52,5072.515,5082.52
500,SINK_M,SSMS,Actuator,Result,21,18,101,10009,Computation,0,5082.52,5082.52,5072.515,5082.52
503,COMP_M,SSMS,Computation,Task,5,27,10002,107,Source,62.5,5110.015,5172.515,5100.0,5110.015
504,COMP_M,SSMS,Computation,Task,7,26,10003,106,Source,62.5,5110.015,5172.515,5100.0,5110.015
505,COMP_M,SSMS,Computation,Task,9,25,10004,105,Source,62.5,5110.015,5172.515,5100.0,5110.015
506,COMP_M,SSMS,Computation,Task,11,24,10005,104,Source,62.5,5110.015,5172.515,5100.0,5110.015
509,COMP_M,SSMS,Computation,Task,17,22,10008,102,Source,62.5,5110.015,5172.515,5100.0,5110.015
510,COMP_M,SSMS,Computation,Task,19,21,10009,101,Source,62.5,5110.015,5172.515,5100.0,5110.015
445,COMP_M,SSMS,Computation,Task,9,23,10004,103,Source,62.5,5135.015,5197.515,4500.0,4510.015
501,COMP_M,SSMS,Computation,Task,1,28,10000,108,Source,62.5,5135.015,5197.515,5100.0,5110.015
436,SINK_M,SSMS,Actuator,Result,23,12,103,10006,Computation,0,5145.02,5145.02,5135.015,5145.02
492,SINK_M,SSMS,Actuator,Result,28,0,108,10000,Computation,0,5145.02,5145.02,5135.015,5145.02
503,SINK_M,SSMS,Actuator,Result,27,4,107,10002,Computation,0,5182.52,5182.52,5172.515,5182.52
504,SINK_M,SSMS,Actuator,Result,26,6,106,10003,Computation,0,5182.52,5182.52,5172.515,5182.52
505,SINK_M,SSMS,Actuator,Result,25,8,105,10004,Computation,0,5182.52,5182.52,5172.515,5182.52
506,SINK_M,SSMS,Actuator,Result,24,10,104,10005,Computation,0,5182.52,5182.52,5172.515,5182.52
509,SINK_M,SSMS,Actuator,Result,22,16,102,10008,Computation,0,5182.52,5182.52,5172.515,5182.52
510,SINK_M,SSMS,Actuator,Result,21,18,101,10009,Computation,0,5182.52,5182.52,5172.515,5182.52
446,COMP_M,SSMS,Computation,Task,11,23,10005,103,Source,62.5,5197.515,5260.015,4500.0,4510.015
502,COMP_M,SSMS,Computation,Task,3,28,10001,108,Source,62.5,5197.515,5260.015,5100.0,5110.015
445,SINK_M,SSMS,Actuator,Result,23,12,103,10006,Computation,0,5207.52,5207.52,5197.515,5207.52
501,SINK_M,SSMS,Actuator,Result,28,0,108,10000,Computation,0,5207.52,5207.52,5197.515,5207.52
513,COMP_M,SSMS,Computation,Task,5,27,10002,107,Source,62.5,5210.015,5272.515,5200.0,5210.015
514,COMP_M,SSMS,Computation,Task,7,26,10003,106,Source,62.5,5210.015,5272.515,5200.0,5210.015
515,COMP_M,SSMS,Computation,Task,9,25,10004,105,Source,62.5,5210.015,5272.515,5200.0,5210.015
516,COMP_M,SSMS,Computation,Task,11,24,10005,104,Source,62.5,5210.015,5272.515,5200.0,5210.015
519,COMP_M,SSMS,Computation,Task,17,22,10008,102,Source,62.5,5210.015,5272.515,5200.0,5210.015
520,COMP_M,SSMS,Computation,Task,19,21,10009,101,Source,62.5,5210.015,5272.515,5200.0,5210.015
455,COMP_M,SSMS,Computation,Task,9,23,10004,103,Source,62.5,5260.015,5322.515,4600.0,4610.015
511,COMP_M,SSMS,Computation,Task,1,28,10000,108,Source,62.5,5260.015,5322.515,5200.0,5210.015
446,SINK_M,SSMS,Actuator,Result,23,12,103,10006,Computation,0,5270.02,5270.02,5260.015,5270.02
502,SINK_M,SSMS,Actuator,Result,28,0,108,10000,Computation,0,5270.02,5270.02,5260.015,5270.02
513,SINK_M,SSMS,Actuator,Result,27,4,107,10002,Computation,0,5282.52,5282.52,5272.515,5282.52
514,SINK_M,SSMS,Actuator,Result,26,6,106,10003,Computation,0,5282.52,5282.52,5272.515,5282.52
515,SINK_M,SSMS,Actuator,Result,25,8,105,10004,Computation,0,5282.52,5282.52,5272.515,5282.52
516,SINK_M,SSMS,Actuator,Result,24,10,104,10005,Computation,0,5282.52,5282.52,5272.515,5282.52
519,SINK_M,SSMS,Actuator,Result,22,16,102,10008,Computation,0,5282.52,5282.52,5272.515,5282.52
520,SINK_M,SSMS,Actuator,Result,21,18,101,10009,Computation,0,5282.52,5282.52,5272.515,5282.52
523,COMP_M,SSMS,Computation,Task,5,27,10002,107,Source,62.5,5310.015,5372.515,5300.0,5310.015
524,COMP_M,SSMS,Computation,Task,7,26,10003,106,Source,62.5,5310.015,5372.515,5300.0,5310.015
525,COMP_M,SSMS,Computation,Task,9,25,10004,105,Source,62.5,5310.015,5372.515,5300.0,5310.015
526,COMP_M,SSMS,Computation,Task,11,24,10005,104,Source,62.5,5310.015,5372.515,5300.0,5310.015
529,COMP_M,SSMS,Computation,Task,17,22,10008,102,Source,62.5,5310.015,5372.515,5300.0,5310.015
530,COMP_M,SSMS,Computation,Task,19,21,10009,101,Source,62.5,5310.015,5372.515,5300.0,5310.015
456,COMP_M,SSMS,Computation,Task,11,23,10005,103,Source,62.5,5322.515,5385.015,4600.0,4610.015
512,COMP_M,SSMS,Computation,Task,3,28,10001,108,Source,62.5,5322.515,5385.015,5200.0,5210.015
455,SINK_M,SSMS,Actuator,Result,23,12,103,10006,Computation,0,5332.52,5332.52,5322.515,5332.52
511,SINK_M,SSMS,Actuator,Result,28,0,108,10000,Computation,0,5332.52,5332.52,5322.515,5332.52
523,SINK_M,SSMS,Actuator,Result,27,4,107,10002,Computation,0,5382.52,5382.52,5372.515,5382.52
524,SINK_M,SSMS,Actuator,Result,26,6,106,10003,Computation,0,5382.52,5382.52,5372.515,5382.52
525,SINK_M,SSMS,Actuator,Result,25,8,105,10004,Computation,0,5382.52,5382.52,5372.515,5382.52
526,SINK_M,SSMS,Actuator,Result,24,10,104,10005,Computation,0,5382.52,5382.52,5372.515,5382.52
529,SINK_M,SSMS,Actuator,Result,22,16,102,10008,Computation,0,5382.52,5382.52,5372.515,5382.52
530,SINK_M,SSMS,Actuator,Result,21,18,101,10009,Computation,0,5382.52,5382.52,5372.515,5382.52
465,COMP_M,SSMS,Computation,Task,9,23,10004,103,Source,62.5,5385.015,5447.515,4700.0,4710.015
521,COMP_M,SSMS,Computation,Task,1,28,10000,108,Source,62.5,5385.015,5447.515,5300.0,5310.015
456,SINK_M,SSMS,Actuator,Result,23,12,103,10006,Computation,0,5395.02,5395.02,5385.015,5395.02
512,SINK_M,SSMS,Actuator,Result,28,0,108,10000,Computation,0,5395.02,5395.02,5385.015,5395.02
533,COMP_M,SSMS,Computation,Task,5,27,10002,107,Source,62.5,5410.015,5472.515,5400.0,5410.015
534,COMP_M,SSMS,Computation,Task,7,26,10003,106,Source,62.5,5410.015,5472.515,5400.0,5410.015
535,COMP_M,SSMS,Computation,Task,9,25,10004,105,Source,62.5,5410.015,5472.515,5400.0,5410.015
536,COMP_M,SSMS,Computation,Task,11,24,10005,104,Source,62.5,5410.015,5472.515,5400.0,5410.015
539,COMP_M,SSMS,Computation,Task,17,22,10008,102,Source,62.5,5410.015,5472.515,5400.0,5410.015
540,COMP_M,SSMS,Computation,Task,19,21,10009,101,Source,62.5,5410.015,5472.515,5400.0,5410.015
466,COMP_M,SSMS,Computation,Task,11,23,10005,103,Source,62.5,5447.515,5510.015,4700.0,4710.015
522,COMP_M,SSMS,Computation,Task,3,28,10001,108,Source,62.5,5447.515,5510.015,5300.0,5310.015
465,SINK_M,SSMS,Actuator,Result,23,12,103,10006,Computation,0,5457.52,5457.52,5447.515,5457.52
521,SINK_M,SSMS,Actuator,Result,28,0,108,10000,Computation,0,5457.52,5457.52,5447.515,5457.52
533,SINK_M,SSMS,Actuator,Result,27,4,107,10002,Computation,0,5482.52,5482.52,5472.515,5482.52
534,SINK_M,SSMS,Actuator,Result,26,6,106,10003,Computation,0,5482.52,5482.52,5472.515,5482.52
535,SINK_M,SSMS,Actuator,Result,25,8,105,10004,Computation,0,5482.52,5482.52,5472.515,5482.52
536,SINK_M,SSMS,Actuator,Result,24,10,104,10005,Computation,0,5482.52,5482.52,5472.515,5482.52
539,SINK_M,SSMS,Actuator,Result,22,16,102,10008,Computation,0,5482.52,5482.52,5472.515,5482.52
540,SINK_M,SSMS,Actuator,Result,21,18,101,10009,Computation,0,5482.52,5482.52,5472.515,5482.52
475,COMP_M,SSMS,Computation,Task,9,23,10004,103,Source,62.5,5510.015,5572.515,4800.0,4810.015
531,COMP_M,SSMS,Computation,Task,1,28,10000,108,Source,62.5,5510.015,5572.515,5400.0,5410.015
543,COMP_M,SSMS,Computation,Task,5,27,10002,107,Source,62.5,5510.015,5572.515,5500.0,5510.015
544,COMP_M,SSMS,Computation,Task,7,26,10003,106,Source,62.5,5510.015,5572.515,5500.0,5510.015
545,COMP_M,SSMS,Computation,Task,9,25,10004,105,Source,62.5,5510.015,5572.515,5500.0,5510.015
546,COMP_M,SSMS,Computation,Task,11,24,10005,104,Source,62.5,5510.015,5572.515,5500.0,5510.015
549,COMP_M,SSMS,Computation,Task,17,22,10008,102,Source,62.5,5510.015,5572.515,5500.0,5510.015
550,COMP_M,SSMS,Computation,Task,19,21,10009,101,Source,62.5,5510.015,5572.515,5500.0,5510.015
466,SINK_M,SSMS,Actuator,Result,23,12,103,10006,Computation,0,5520.02,5520.02,5510.015,5520.02
522,SINK_M,SSMS,Actuator,Result,28,0,108,10000,Computation,0,5520.02,5520.02,5510.015,5520.02
476,COMP_M,SSMS,Computation,Task,11,23,10005,103,Source,62.5,5572.515,5635.015,4800.0,4810.015
532,COMP_M,SSMS,Computation,Task,3,28,10001,108,Source,62.5,5572.515,5635.015,5400.0,5410.015
475,SINK_M,SSMS,Actuator,Result,23,12,103,10006,Computation,0,5582.52,5582.52,5572.515,5582.52
531,SINK_M,SSMS,Actuator,Result,28,0,108,10000,Computation,0,5582.52,5582.52,5572.515,5582.52
543,SINK_M,SSMS,Actuator,Result,27,4,107,10002,Computation,0,5582.52,5582.52,5572.515,5582.52
544,SINK_M,SSMS,Actuator,Result,26,6,106,10003,Computation,0,5582.52,5582.52,5572.515,5582.52
545,SINK_M,SSMS,Actuator,Result,25,8,105,10004,Computation,0,5582.52,5582.52,5572.515,5582.52
546,SINK_M,SSMS,Actuator,Result,24,10,104,10005,Computation,0,5582.52,5582.52,5572.515,5582.52
549,SINK_M,SSMS,Actuator,Result,22,16,102,10008,Computation,0,5582.52,5582.52,5572.515,5582.52
550,SINK_M,SSMS,Actuator,Result,21,18,101,10009,Computation,0,5582.52,5582.52,5572.515,5582.52
553,COMP_M,SSMS,Computation,Task,5,27,10002,107,Source,62.5,5610.015,5672.515,5600.0,5610.015
554,COMP_M,SSMS,Computation,Task,7,26,10003,106,Source,62.5,5610.015,5672.515,5600.0,5610.015
555,COMP_M,SSMS,Computation,Task,9,25,10004,105,Source,62.5,5610.015,5672.515,5600.0,5610.015
556,COMP_M,SSMS,Computation,Task,11,24,10005,104,Source,62.5,5610.015,5672.515,5600.0,5610.015
559,COMP_M,SSMS,Computation,Task,17,22,10008,102,Source,62.5,5610.015,5672.515,5600.0,5610.015
560,COMP_M,SSMS,Computation,Task,19,21,10009,101,Source,62.5,5610.015,5672.515,5600.0,5610.015
485,COMP_M,SSMS,Computation,Task,9,23,10004,103,Source,62.5,5635.015,5697.515,4900.0,4910.015
541,COMP_M,SSMS,Computation,Task,1,28,10000,108,Source,62.5,5635.015,5697.515,5500.0,5510.015
476,SINK_M,SSMS,Actuator,Result,23,12,103,10006,Computation,0,5645.02,5645.02,5635.015,5645.02
532,SINK_M,SSMS,Actuator,Result,28,0,108,10000,Computation,0,5645.02,5645.02,5635.015,5645.02
553,SINK_M,SSMS,Actuator,Result,27,4,107,10002,Computation,0,5682.52,5682.52,5672.515,5682.52
554,SINK_M,SSMS,Actuator,Result,26,6,106,10003,Computation,0,5682.52,5682.52,5672.515,5682.52
555,SINK_M,SSMS,Actuator,Result,25,8,105,10004,Computation,0,5682.52,5682.52,5672.515,5682.52
556,SINK_M,SSMS,Actuator,Result,24,10,104,10005,Computation,0,5682.52,5682.52,5672.515,5682.52
559,SINK_M,SSMS,Actuator,Result,22,16,102,10008,Computation,0,5682.52,5682.52,5672.515,5682.52
560,SINK_M,SSMS,Actuator,Result,21,18,101,10009,Computation,0,5682.52,5682.52,5672.515,5682.52
486,COMP_M,SSMS,Computation,Task,11,23,10005,103,Source,62.5,5697.515,5760.015,4900.0,4910.015
542,COMP_M,SSMS,Computation,Task,3,28,10001,108,Source,62.5,5697.515,5760.015,5500.0,5510.015
485,SINK_M,SSMS,Actuator,Result,23,12,103,10006,Computation,0,5707.52,5707.52,5697.515,5707.52
541,SINK_M,SSMS,Actuator,Result,28,0,108,10000,Computation,0,5707.52,5707.52,5697.515,5707.52
563,COMP_M,SSMS,Computation,Task,5,27,10002,107,Source,62.5,5710.015,5772.515,5700.0,5710.015
564,COMP_M,SSMS,Computation,Task,7,26,10003,106,Source,62.5,5710.015,5772.515,5700.0,5710.015
565,COMP_M,SSMS,Computation,Task,9,25,10004,105,Source,62.5,5710.015,5772.515,5700.0,5710.015
566,COMP_M,SSMS,Computation,Task,11,24,10005,104,Source,62.5,5710.015,5772.515,5700.0,5710.015
569,COMP_M,SSMS,Computation,Task,17,22,10008,102,Source,62.5,5710.015,5772.515,5700.0,5710.015
570,COMP_M,SSMS,Computation,Task,19,21,10009,101,Source,62.5,5710.015,5772.515,5700.0,5710.015
497,COMP_M,SSMS,Computation,Task,13,23,10006,103,Source,62.5,5760.015,5822.515,5000.0,5010.015
551,COMP_M,SSMS,Computation,Task,1,28,10000,108,Source,62.5,5760.015,5822.515,5600.0,5610.015
486,SINK_M,SSMS,Actuator,Result,23,12,103,10006,Computation,0,5770.02,5770.02,5760.015,5770.02
542,SINK_M,SSMS,Actuator,Result,28,0,108,10000,Computation,0,5770.02,5770.02,5760.015,5770.02
563,SINK_M,SSMS,Actuator,Result,27,4,107,10002,Computation,0,5782.52,5782.52,5772.515,5782.52
564,SINK_M,SSMS,Actuator,Result,26,6,106,10003,Computation,0,5782.52,5782.52,5772.515,5782.52
565,SINK_M,SSMS,Actuator,Result,25,8,105,10004,Computation,0,5782.52,5782.52,5772.515,5782.52
566,SINK_M,SSMS,Actuator,Result,24,10,104,10005,Computation,0,5782.52,5782.52,5772.515,5782.52
569,SINK_M,SSMS,Actuator,Result,22,16,102,10008,Computation,0,5782.52,5782.52,5772.515,5782.52
570,SINK_M,SSMS,Actuator,Result,21,18,101,10009,Computation,0,5782.52,5782.52,5772.515,5782.52
573,COMP_M,SSMS,Computation,Task,5,27,10002,107,Source,62.5,5810.015,5872.515,5800.0,5810.015
574,COMP_M,SSMS,Computation,Task,7,26,10003,106,Source,62.5,5810.015,5872.515,5800.0,5810.015
575,COMP_M,SSMS,Computation,Task,9,25,10004,105,Source,62.5,5810.015,5872.515,5800.0,5810.015
576,COMP_M,SSMS,Computation,Task,11,24,10005,104,Source,62.5,5810.015,5872.515,5800.0,5810.015
579,COMP_M,SSMS,Computation,Task,17,22,10008,102,Source,62.5,5810.015,5872.515,5800.0,5810.015
580,COMP_M,SSMS,Computation,Task,19,21,10009,101,Source,62.5,5810.015,5872.515,5800.0,5810.015
498,COMP_M,SSMS,Computation,Task,15,23,10007,103,Source,62.5,5822.515,5885.015,5000.0,5010.015
552,COMP_M,SSMS,Computation,Task,3,28,10001,108,Source,62.5,5822.515,5885.015,5600.0,5610.015
497,SINK_M,SSMS,Actuator,Result,23,12,103,10006,Computation,0,5832.52,5832.52,5822.515,5832.52
551,SINK_M,SSMS,Actuator,Result,28,0,108,10000,Computation,0,5832.52,5832.52,5822.515,5832.52
573,SINK_M,SSMS,Actuator,Result,27,4,107,10002,Computation,0,5882.52,5882.52,5872.515,5882.52
574,SINK_M,SSMS,Actuator,Result,26,6,106,10003,Computation,0,5882.52,5882.52,5872.515,5882.52
575,SINK_M,SSMS,Actuator,Result,25,8,105,10004,Computation,0,5882.52,5882.52,5872.515,5882.52
576,SINK_M,SSMS,Actuator,Result,24,10,104,10005,Computation,0,5882.52,5882.52,5872.515,5882.52
579,SINK_M,SSMS,Actuator,Result,22,16,102,10008,Computation,0,5882.52,5882.52,5872.515,5882.52
580,SINK_M,SSMS,Actuator,Result,21,18,101,10009,Computation,0,5882.52,5882.52,5872.515,5882.52
507,COMP_M,SSMS,Computation,Task,13,23,10006,103,Source,62.5,5885.015,5947.515,5100.0,5110.015
561,COMP_M,SSMS,Computation,Task,1,28,10000,108,Source,62.5,5885.015,5947.515,5700.0,5710.015
498,SINK_M,SSMS,Actuator,Result,23,12,103,10006,Computation,0,5895.02,5895.02,5885.015,5895.02
552,SINK_M,SSMS,Actuator,Result,28,0,108,10000,Computation,0,5895.02,5895.02,5885.015,5895.02
583,COMP_M,SSMS,Computation,Task,5,27,10002,107,Source,62.5,5910.015,5972.515,5900.0,5910.015
584,COMP_M,SSMS,Computation,Task,7,26,10003,106,Source,62.5,5910.015,5972.515,5900.0,5910.015
585,COMP_M,SSMS,Computation,Task,9,25,10004,105,Source,62.5,5910.015,5972.515,5900.0,5910.015
586,COMP_M,SSMS,Computation,Task,11,24,10005,104,Source,62.5,5910.015,5972.515,5900.0,5910.015
589,COMP_M,SSMS,Computation,Task,17,22,10008,102,Source,62.5,5910.015,5972.515,5900.0,5910.015
590,COMP_M,SSMS,Computation,Task,19,21,10009,101,Source,62.5,5910.015,5972.515,5900.0,5910.015
508,COMP_M,SSMS,Computation,Task,15,23,10007,103,Source,62.5,5947.515,6010.015,5100.0,5110.015
562,COMP_M,SSMS,Computation,Task,3,28,10001,108,Source,62.5,5947.515,6010.015,5700.0,5710.015
507,SINK_M,SSMS,Actuator,Result,23,12,103,10006,Computation,0,5957.52,5957.52,5947.515,5957.52
561,SINK_M,SSMS,Actuator,Result,28,0,108,10000,Computation,0,5957.52,5957.52,5947.515,5957.52
583,SINK_M,SSMS,Actuator,Result,27,4,107,10002,Computation,0,5982.52,5982.52,5972.515,5982.52
584,SINK_M,SSMS,Actuator,Result,26,6,106,10003,Computation,0,5982.52,5982.52,5972.515,5982.52
585,SINK_M,SSMS,Actuator,Result,25,8,105,10004,Computation,0,5982.52,5982.52,5972.515,5982.52
586,SINK_M,SSMS,Actuator,Result,24,10,104,10005,Computation,0,5982.52,5982.52,5972.515,5982.52
589,SINK_M,SSMS,Actuator,Result,22,16,102,10008,Computation,0,5982.52,5982.52,5972.515,5982.52
590,SINK_M,SSMS,Actuator,Result,21,18,101,10009,Computation,0,5982.52,5982.52,5972.515,5982.52
517,COMP_M,SSMS,Computation,Task,13,23,10006,103,Source,62.5,6010.015,6072.515,5200.0,5210.015
571,COMP_M,SSMS,Computation,Task,1,28,10000,108,Source,62.5,6010.015,6072.515,5800.0,5810.015
592,COMP_M,SSMS,Computation,Task,3,29,10001,109,Source,62.5,6010.015,6072.515,6000.0,6010.015
595,COMP_M,SSMS,Computation,Task,9,27,10004,107,Source,62.5,6010.015,6072.515,6000.0,6010.015
596,COMP_M,SSMS,Computation,Task,11,26,10005,106,Source,62.5,6010.015,6072.515,6000.0,6010.015
597,COMP_M,SSMS,Computation,Task,13,25,10006,105,Source,62.5,6010.015,6072.515,6000.0,6010.015
598,COMP_M,SSMS,Computation,Task,15,24,10007,104,Source,62.5,6010.015,6072.515,6000.0,6010.015
518,COMP_M,SSMS,Computation,Task,15,23,10007,103,Source,62.5,6072.515,6135.015,5200.0,5210.015
572,COMP_M,SSMS,Computation,Task,3,28,10001,108,Source,62.5,6072.515,6135.015,5800.0,5810.015
602,COMP_M,SSMS,Computation,Task,3,29,10001,109,Source,62.5,6110.015,6172.515,6100.0,6110.015
605,COMP_M,SSMS,Computation,Task,9,27,10004,107,Source,62.5,6110.015,6172.515,6100.0,6110.015
606,COMP_M,SSMS,Computation,Task,11,26,10005,106,Source,62.5,6110.015,6172.515,6100.0,6110.015
607,COMP_M,SSMS,Computation,Task,13,25,10006,105,Source,62.5,6110.015,6172.515,6100.0,6110.015
608,COMP_M,SSMS,Computation,Task,15,24,10007,104,Source,62.5,6110.015,6172.515,6100.0,6110.015
527,COMP_M,SSMS,Computation,Task,13,23,10006,103,Source,62.5,6135.015,6197.515,5300.0,5310.015
581,COMP_M,SSMS,Computation,Task,1,28,10000,108,Source,62.5,6135.015,6197.515,5900.0,5910.015
528,COMP_M,SSMS,Computation,Task,15,23,10007,103,Source,62.5,6197.515,6260.015,5300.0,5310.015
582,COMP_M,SSMS,Computation,Task,3,28,10001,108,Source,62.5,6197.515,6260.015,5900.0,5910.015
612,COMP_M,SSMS,Computation,Task,3,29,10001,109,Source,62.5,6210.015,6272.515,6200.0,6210.015
615,COMP_M,SSMS,Computation,Task,9,27,10004,107,Source,62.5,6210.015,6272.515,6200.0,6210.015
616,COMP_M,SSMS,Computation,Task,11,26,10005,106,Source,62.5,6210.015,6272.515,6200.0,6210.015
617,COMP_M,SSMS,Computation,Task,13,25,10006,105,Source,62.5,6210.015,6272.515,6200.0,6210.015
618,COMP_M,SSMS,Computation,Task,15,24,10007,104,Source,62.5,6210.015,6272.515,6200.0,6210.015
537,COMP_M,SSMS,Computation,Task,13,23,10006,103,Source,62.5,6260.015,6322.515,5400.0,5410.015
593,COMP_M,SSMS,Computation,Task,5,28,10002,108,Source,62.5,6260.015,6322.515,6000.0,6010.015
622,COMP_M,SSMS,Computation,Task,3,29,10001,109,Source,62.5,6310.015,6372.515,6300.0,6310.015
625,COMP_M,SSMS,Computation,Task,9,27,10004,107,Source,62.5,6310.015,6372.515,6300.0,6310.015
626,COMP_M,SSMS,Computation,Task,11,26,10005,106,Source,62.5,6310.015,6372.515,6300.0,6310.015
627,COMP_M,SSMS,Computation,Task,13,25,10006,105,Source,62.5,6310.015,6372.515,6300.0,6310.015
628,COMP_M,SSMS,Computation,Task,15,24,10007,104,Source,62.5,6310.015,6372.515,6300.0,6310.015
538,COMP_M,SSMS,Computation,Task,15,23,10007,103,Source,62.5,6322.515,6385.015,5400.0,5410.015
594,COMP_M,SSMS,Computation,Task,7,28,10003,108,Source,62.5,6322.515,6385.015,6000.0,6010.015
547,COMP_M,SSMS,Computation,Task,13,23,10006,103,Source,62.5,6385.015,6447.515,5500.0,5510.015
603,COMP_M,SSMS,Computation,Task,5,28,10002,108,Source,62.5,6385.015,6447.515,6100.0,6110.015
632,COMP_M,SSMS,Computation,Task,3,29,10001,109,Source,62.5,6410.015,6472.515,6400.0,6410.015
635,COMP_M,SSMS,Computation,Task,9,27,10004,107,Source,62.5,6410.015,6472.515,6400.0,6410.015
636,COMP_M,SSMS,Computation,Task,11,26,10005,106,Source,62.5,6410.015,6472.515,6400.0,6410.015
637,COMP_M,SSMS,Computation,Task,13,25,10006,105,Source,62.5,6410.015,6472.515,6400.0,6410.015
638,COMP_M,SSMS,Computation,Task,15,24,10007,104,Source,62.5,6410.015,6472.515,6400.0,6410.015
548,COMP_M,SSMS,Computation,Task,15,23,10007,103,Source,62.5,6447.515,6510.015,5500.0,5510.015
604,COMP_M,SSMS,Computation,Task,7,28,10003,108,Source,62.5,6447.515,6510.015,6100.0,6110.015
557,COMP_M,SSMS,Computation,Task,13,23,10006,103,Source,62.5,6510.015,6572.515,5600.0,5610.015
613,COMP_M,SSMS,Computation,Task,5,28,10002,108,Source,62.5,6510.015,6572.515,6200.0,6210.015
642,COMP_M,SSMS,Computation,Task,3,29,10001,109,Source,62.5,6510.015,6572.515,6500.0,6510.015
645,COMP_M,SSMS,Computation,Task,9,27,10004,107,Source,62.5,6510.015,6572.515,6500.0,6510.015
646,COMP_M,SSMS,Computation,Task,11,26,10005,106,Source,62.5,6510.015,6572.515,6500.0,6510.015
647,COMP_M,SSMS,Computation,Task,13,25,10006,105,Source,62.5,6510.015,6572.515,6500.0,6510.015
648,COMP_M,SSMS,Computation,Task,15,24,10007,104,Source,62.5,6510.015,6572.515,6500.0,6510.015
558,COMP_M,SSMS,Computation,Task,15,23,10007,103,Source,62.5,6572.515,6635.015,5600.0,5610.015
614,COMP_M,SSMS,Computation,Task,7,28,10003,108,Source,62.5,6572.515,6635.015,6200.0,6210.015
652,COMP_M,SSMS,Computation,Task,3,29,10001,109,Source,62.5,6610.015,6672.515,6600.0,6610.015
655,COMP_M,SSMS,Computation,Task,9,27,10004,107,Source,62.5,6610.015,6672.515,6600.0,6610.015
656,COMP_M,SSMS,Computation,Task,11,26,10005,106,Source,62.5,6610.015,6672.515,6600.0,6610.015
657,COMP_M,SSMS,Computation,Task,13,25,10006,105,Source,62.5,6610.015,6672.515,6600.0,6610.015
658,COMP_M,SSMS,Computation,Task,15,24,10007,104,Source,62.5,6610.015,6672.515,6600.0,6610.015
567,COMP_M,SSMS,Computation,Task,13,23,10006,103,Source,62.5,6635.015,6697.515,5700.0,5710.015
623,COMP_M,SSMS,Computation,Task,5,28,10002,108,Source,62.5,6635.015,6697.515,6300.0,6310.015
568,COMP_M,SSMS,Computation,Task,15,23,10007,103,Source,62.5,6697.515,6760.015,5700.0,5710.015
624,COMP_M,SSMS,Computation,Task,7,28,10003,108,Source,62.5,6697.515,6760.015,6300.0,6310.015
662,COMP_M,SSMS,Computation,Task,3,29,10001,109,Source,62.5,6710.015,6772.515,6700.0,6710.015
665,COMP_M,SSMS,Computation,Task,9,27,10004,107,Source,62.5,6710.015,6772.515,6700.0,6710.015
666,COMP_M,SSMS,Computation,Task,11,26,10005,106,Source,62.5,6710.015,6772.515,6700.0,6710.015
667,COMP_M,SSMS,Computation,Task,13,25,10006,105,Source,62.5,6710.015,6772.515,6700.0,6710.015
668,COMP_M,SSMS,Computation,Task,15,24,10007,104,Source,62.5,6710.015,6772.515,6700.0,6710.015
577,COMP_M,SSMS,Computation,Task,13,23,10006,103,Source,62.5,6760.015,6822.515,5800.0,5810.015
633,COMP_M,SSMS,Computation,Task,5,28,10002,108,Source,62.5,6760.015,6822.515,6400.0,6410.015
672,COMP_M,SSMS,Computation,Task,3,29,10001,109,Source,62.5,6810.015,6872.515,6800.0,6810.015
675,COMP_M,SSMS,Computation,Task,9,27,10004,107,Source,62.5,6810.015,6872.515,6800.0,6810.015
676,COMP_M,SSMS,Computation,Task,11,26,10005,106,Source,62.5,6810.015,6872.515,6800.0,6810.015
677,COMP_M,SSMS,Computation,Task,13,25,10006,105,Source,62.5,6810.015,6872.515,6800.0,6810.015
678,COMP_M,SSMS,Computation,Task,15,24,10007,104,Source,62.5,6810.015,6872.515,6800.0,6810.015
578,COMP_M,SSMS,Computation,Task,15,23,10007,103,Source,62.5,6822.515,6885.015,5800.0,5810.015
634,COMP_M,SSMS,Computation,Task,7,28,10003,108,Source,62.5,6822.515,6885.015,6400.0,6410.015
587,COMP_M,SSMS,Computation,Task,13,23,10006,103,Source,62.5,6885.015,6947.515,5900.0,5910.015
643,COMP_M,SSMS,Computation,Task,5,28,10002,108,Source,62.5,6885.015,6947.515,6500.0,6510.015
682,COMP_M,SSMS,Computation,Task,3,29,10001,109,Source,62.5,6910.015,6972.515,6900.0,6910.015
685,COMP_M,SSMS,Computation,Task,9,27,10004,107,Source,62.5,6910.015,6972.515,6900.0,6910.015
686,COMP_M,SSMS,Computation,Task,11,26,10005,106,Source,62.5,6910.015,6972.515,6900.0,6910.015
687,COMP_M,SSMS,Computation,Task,13,25,10006,105,Source,62.5,6910.015,6972.515,6900.0,6910.015
688,COMP_M,SSMS,Computation,Task,15,24,10007,104,Source,62.5,6910.015,6972.515,6900.0,6910.015
588,COMP_M,SSMS,Computation,Task,15,23,10007,103,Source,62.5,6947.515,7010.015,5900.0,5910.015
644,COMP_M,SSMS,Computation,Task,7,28,10003,108,Source,62.5,6947.515,7010.015,6500.0,6510.015
599,COMP_M,SSMS,Computation,Task,17,23,10008,103,Source,62.5,7010.015,7072.515,6000.0,6010.015
653,COMP_M,SSMS,Computation,Task,5,28,10002,108,Source,62.5,7010.015,7072.515,6600.0,6610.015
694,COMP_M,SSMS,Computation,Task,7,29,10003,109,Source,62.5,7010.015,7072.515,7000.0,7010.015
697,COMP_M,SSMS,Computation,Task,13,27,10006,107,Source,62.5,7010.015,7072.515,7000.0,7010.015
698,COMP_M,SSMS,Computation,Task,15,26,10007,106,Source,62.5,7010.015,7072.515,7000.0,7010.015
699,COMP_M,SSMS,Computation,Task,17,25,10008,105,Source,62.5,7010.015,7072.515,7000.0,7010.015
700,COMP_M,SSMS,Computation,Task,19,24,10009,104,Source,62.5,7010.015,7072.515,7000.0,7010.015
600,COMP_M,SSMS,Computation,Task,19,23,10009,103,Source,62.5,7072.515,7135.015,6000.0,6010.015
654,COMP_M,SSMS,Computation,Task,7,28,10003,108,Source,62.5,7072.515,7135.015,6600.0,6610.015
704,COMP_M,SSMS,Computation,Task,7,29,10003,109,Source,62.5,7110.015,7172.515,7100.0,7110.015
707,COMP_M,SSMS,Computation,Task,13,27,10006,107,Source,62.5,7110.015,7172.515,7100.0,7110.015
708,COMP_M,SSMS,Computation,Task,15,26,10007,106,Source,62.5,7110.015,7172.515,7100.0,7110.015
709,COMP_M,SSMS,Computation,Task,17,25,10008,105,Source,62.5,7110.015,7172.515,7100.0,7110.015
710,COMP_M,SSMS,Computation,Task,19,24,10009,104,Source,62.5,7110.015,7172.515,7100.0,7110.015
609,COMP_M,SSMS,Computation,Task,17,23,10008,103,Source,62.5,7135.015,7197.515,6100.0,6110.015
663,COMP_M,SSMS,Computation,Task,5,28,10002,108,Source,62.5,7135.015,7197.515,6700.0,6710.015
610,COMP_M,SSMS,Computation,Task,19,23,10009,103,Source,62.5,7197.515,7260.015,6100.0,6110.015
664,COMP_M,SSMS,Computation,Task,7,28,10003,108,Source,62.5,7197.515,7260.015,6700.0,6710.015
714,COMP_M,SSMS,Computation,Task,7,29,10003,109,Source,62.5,7210.015,7272.515,7200.0,7210.015
717,COMP_M,SSMS,Computation,Task,13,27,10006,107,Source,62.5,7210.015,7272.515,7200.0,7210.015
718,COMP_M,SSMS,Computation,Task,15,26,10007,106,Source,62.5,7210.015,7272.515,7200.0,7210.015
719,COMP_M,SSMS,Computation,Task,17,25,10008,105,Source,62.5,7210.015,7272.515,7200.0,7210.015
720,COMP_M,SSMS,Computation,Task,19,24,10009,104,Source,62.5,7210.015,7272.515,7200.0,7210.015
619,COMP_M,SSMS,Computation,Task,17,23,10008,103,Source,62.5,7260.015,7322.515,6200.0,6210.015
673,COMP_M,SSMS,Computation,Task,5,28,10002,108,Source,62.5,7260.015,7322.515,6800.0,6810.015
724,COMP_M,SSMS,Computation,Task,7,29,10003,109,Source,62.5,7310.015,7372.515,7300.0,7310.015
727,COMP_M,SSMS,Computation,Task,13,27,10006,107,Source,62.5,7310.015,7372.515,7300.0,7310.015
728,COMP_M,SSMS,Computation,Task,15,26,10007,106,Source,62.5,7310.015,7372.515,7300.0,7310.015
729,COMP_M,SSMS,Computation,Task,17,25,10008,105,Source,62.5,7310.015,7372.515,7300.0,7310.015
730,COMP_M,SSMS,Computation,Task,19,24,10009,104,Source,62.5,7310.015,7372.515,7300.0,7310.015
620,COMP_M,SSMS,Computation,Task,19,23,10009,103,Source,62.5,7322.515,7385.015,6200.0,6210.015
674,COMP_M,SSMS,Computation,Task,7,28,10003,108,Source,62.5,7322.515,7385.015,6800.0,6810.015
629,COMP_M,SSMS,Computation,Task,17,23,10008,103,Source,62.5,7385.015,7447.515,6300.0,6310.015
683,COMP_M,SSMS,Computation,Task,5,28,10002,108,Source,62.5,7385.015,7447.515,6900.0,6910.015
734,COMP_M,SSMS,Computation,Task,7,29,10003,109,Source,62.5,7410.015,7472.515,7400.0,7410.015
737,COMP_M,SSMS,Computation,Task,13,27,10006,107,Source,62.5,7410.015,7472.515,7400.0,7410.015
738,COMP_M,SSMS,Computation,Task,15,26,10007,106,Source,62.5,7410.015,7472.515,7400.0,7410.015
739,COMP_M,SSMS,Computation,Task,17,25,10008,105,Source,62.5,7410.015,7472.515,7400.0,7410.015
740,COMP_M,SSMS,Computation,Task,19,24,10009,104,Source,62.5,7410.015,7472.515,7400.0,7410.015
630,COMP_M,SSMS,Computation,Task,19,23,10009,103,Source,62.5,7447.515,7510.015,6300.0,6310.015
684,COMP_M,SSMS,Computation,Task,7,28,10003,108,Source,62.5,7447.515,7510.015,6900.0,6910.015
639,COMP_M,SSMS,Computation,Task,17,23,10008,103,Source,62.5,7510.015,7572.515,6400.0,6410.015
695,COMP_M,SSMS,Computation,Task,9,28,10004,108,Source,62.5,7510.015,7572.515,7000.0,7010.015
744,COMP_M,SSMS,Computation,Task,7,29,10003,109,Source,62.5,7510.015,7572.515,7500.0,7510.015
747,COMP_M,SSMS,Computation,Task,13,27,10006,107,Source,62.5,7510.015,7572.515,7500.0,7510.015
748,COMP_M,SSMS,Computation,Task,15,26,10007,106,Source,62.5,7510.015,7572.515,7500.0,7510.015
749,COMP_M,SSMS,Computation,Task,17,25,10008,105,Source,62.5,7510.015,7572.515,7500.0,7510.015
750,COMP_M,SSMS,Computation,Task,19,24,10009,104,Source,62.5,7510.015,7572.515,7500.0,7510.015
640,COMP_M,SSMS,Computation,Task,19,23,10009,103,Source,62.5,7572.515,7635.015,6400.0,6410.015
696,COMP_M,SSMS,Computation,Task,11,28,10005,108,Source,62.5,7572.515,7635.015,7000.0,7010.015
754,COMP_M,SSMS,Computation,Task,7,29,10003,109,Source,62.5,7610.015,7672.515,7600.0,7610.015
757,COMP_M,SSMS,Computation,Task,13,27,10006,107,Source,62.5,7610.015,7672.515,7600.0,7610.015
758,COMP_M,SSMS,Computation,Task,15,26,10007,106,Source,62.5,7610.015,7672.515,7600.0,7610.015
759,COMP_M,SSMS,Computation,Task,17,25,10008,105,Source,62.5,7610.015,7672.515,7600.0,7610.015
760,COMP_M,SSMS,Computation,Task,19,24,10009,104,Source,62.5,7610.015,7672.515,7600.0,7610.015
649,COMP_M,SSMS,Computation,Task,17,23,10008,103,Source,62.5,7635.015,7697.515,6500.0,6510.015
705,COMP_M,SSMS,Computation,Task,9,28,10004,108,Source,62.5,7635.015,7697.515,7100.0,7110.015
650,COMP_M,SSMS,Computation,Task,19,23,10009,103,Source,62.5,7697.515,7760.015,6500.0,6510.015
706,COMP_M,SSMS,Computation,Task,11,28,10005,108,Source,62.5,7697.515,7760.015,7100.0,7110.015
764,COMP_M,SSMS,Computation,Task,7,29,10003,109,Source,62.5,7710.015,7772.515,7700.0,7710.015
767,COMP_M,SSMS,Computation,Task,13,27,10006,107,Source,62.5,7710.015,7772.515,7700.0,7710.015
768,COMP_M,SSMS,Computation,Task,15,26,10007,106,Source,62.5,7710.015,7772.515,7700.0,7710.015
769,COMP_M,SSMS,Computation,Task,17,25,10008,105,Source,62.5,7710.015,7772.515,7700.0,7710.015
770,COMP_M,SSMS,Computation,Task,19,24,10009,104,Source,62.5,7710.015,7772.515,7700.0,7710.015
659,COMP_M,SSMS,Computation,Task,17,23,10008,103,Source,62.5,7760.015,7822.515,6600.0,6610.015
715,COMP_M,SSMS,Computation,Task,9,28,10004,108,Source,62.5,7760.015,7822.515,7200.0,7210.015
774,COMP_M,SSMS,Computation,Task,7,29,10003,109,Source,62.5,7810.015,7872.515,7800.0,7810.015
777,COMP_M,SSMS,Computation,Task,13,27,10006,107,Source,62.5,7810.015,7872.515,7800.0,7810.015
778,COMP_M,SSMS,Computation,Task,15,26,10007,106,Source,62.5,7810.015,7872.515,7800.0,7810.015
779,COMP_M,SSMS,Computation,Task,17,25,10008,105,Source,62.5,7810.015,7872.515,7800.0,7810.015
780,COMP_M,SSMS,Computation,Task,19,24,10009,104,Source,62.5,7810.015,7872.515,7800.0,7810.015
660,COMP_M,SSMS,Computation,Task,19,23,10009,103,Source,62.5,7822.515,7885.015,6600.0,6610.015
716,COMP_M,SSMS,Computation,Task,11,28,10005,108,Source,62.5,7822.515,7885.015,7200.0,7210.015
669,COMP_M,SSMS,Computation,Task,17,23,10008,103,Source,62.5,7885.015,7947.515,6700.0,6710.015
725,COMP_M,SSMS,Computation,Task,9,28,10004,108,Source,62.5,7885.015,7947.515,7300.0,7310.015
784,COMP_M,SSMS,Computation,Task,7,29,10003,109,Source,62.5,7910.015,7972.515,7900.0,7910.015
787,COMP_M,SSMS,Computation,Task,13,27,10006,107,Source,62.5,7910.015,7972.515,7900.0,7910.015
788,COMP_M,SSMS,Computation,Task,15,26,10007,106,Source,62.5,7910.015,7972.515,7900.0,7910.015
789,COMP_M,SSMS,Computation,Task,17,25,10008,105,Source,62.5,7910.015,7972.515,7900.0,7910.015
790,COMP_M,SSMS,Computation,Task,19,24,10009,104,Source,62.5,7910.015,7972.515,7900.0,7910.015
670,COMP_M,SSMS,Computation,Task,19,23,10009,103,Source,62.5,7947.515,8010.015,6700.0,6710.015
726,COMP_M,SSMS,Computation,Task,11,28,10005,108,Source,62.5,7947.515,8010.015,7300.0,7310.015
679,COMP_M,SSMS,Computation,Task,17,23,10008,103,Source,62.5,8010.015,8072.515,6800.0,6810.015
735,COMP_M,SSMS,Computation,Task,9,28,10004,108,Source,62.5,8010.015,8072.515,7400.0,7410.015
796,COMP_M,SSMS,Computation,Task,11,29,10005,109,Source,62.5,8010.015,8072.515,8000.0,8010.015
799,COMP_M,SSMS,Computation,Task,17,27,10008,107,Source,62.5,8010.015,8072.515,8000.0,8010.015
800,COMP_M,SSMS,Computation,Task,19,26,10009,106,Source,62.5,8010.015,8072.515,8000.0,8010.015
680,COMP_M,SSMS,Computation,Task,19,23,10009,103,Source,62.5,8072.515,8135.015,6800.0,6810.015
736,COMP_M,SSMS,Computation,Task,11,28,10005,108,Source,62.5,8072.515,8135.015,7400.0,7410.015
806,COMP_M,SSMS,Computation,Task,11,29,10005,109,Source,62.5,8110.015,8172.515,8100.0,8110.015
809,COMP_M,SSMS,Computation,Task,17,27,10008,107,Source,62.5,8110.015,8172.515,8100.0,8110.015
810,COMP_M,SSMS,Computation,Task,19,26,10009,106,Source,62.5,8110.015,8172.515,8100.0,8110.015
689,COMP_M,SSMS,Computation,Task,17,23,10008,103,Source,62.5,8135.015,8197.515,6900.0,6910.015
745,COMP_M,SSMS,Computation,Task,9,28,10004,108,Source,62.5,8135.015,8197.515,7500.0,7510.015
690,COMP_M,SSMS,Computation,Task,19,23,10009,103,Source,62.5,8197.515,8260.015,6900.0,6910.015
746,COMP_M,SSMS,Computation,Task,11,28,10005,108,Source,62.5,8197.515,8260.015,7500.0,7510.015
816,COMP_M,SSMS,Computation,Task,11,29,10005,109,Source,62.5,8210.015,8272.515,8200.0,8210.015
819,COMP_M,SSMS,Computation,Task,17,27,10008,107,Source,62.5,8210.015,8272.515,8200.0,8210.015
820,COMP_M,SSMS,Computation,Task,19,26,10009,106,Source,62.5,8210.015,8272.515,8200.0,8210.015
755,COMP_M,SSMS,Computation,Task,9,28,10004,108,Source,62.5,8260.015,8322.515,7600.0,7610.015
826,COMP_M,SSMS,Computation,Task,11,29,10005,109,Source,62.5,8310.015,8372.515,8300.0,8310.015
829,COMP_M,SSMS,Computation,Task,17,27,10008,107,Source,62.5,8310.015,8372.515,8300.0,8310.015
830,COMP_M,SSMS,Computation,Task,19,26,10009,106,Source,62.5,8310.015,8372.515,8300.0,8310.015
756,COMP_M,SSMS,Computation,Task,11,28,10005,108,Source,62.5,8322.515,8385.015,7600.0,7610.015
765,COMP_M,SSMS,Computation,Task,9,28,10004,108,Source,62.5,8385.015,8447.515,7700.0,7710.015
836,COMP_M,SSMS,Computation,Task,11,29,10005,109,Source,62.5,8410.015,8472.515,8400.0,8410.015
839,COMP_M,SSMS,Computation,Task,17,27,10008,107,Source,62.5,8410.015,8472.515,8400.0,8410.015
840,COMP_M,SSMS,Computation,Task,19,26,10009,106,Source,62.5,8410.015,8472.515,8400.0,8410.015
766,COMP_M,SSMS,Computation,Task,11,28,10005,108,Source,62.5,8447.515,8510.015,7700.0,7710.015
775,COMP_M,SSMS,Computation,Task,9,28,10004,108,Source,62.5,8510.015,8572.515,7800.0,7810.015
846,COMP_M,SSMS,Computation,Task,11,29,10005,109,Source,62.5,8510.015,8572.515,8500.0,8510.015
849,COMP_M,SSMS,Computation,Task,17,27,10008,107,Source,62.5,8510.015,8572.515,8500.0,8510.015
850,COMP_M,SSMS,Computation,Task,19,26,10009,106,Source,62.5,8510.015,8572.515,8500.0,8510.015
776,COMP_M,SSMS,Computation,Task,11,28,10005,108,Source,62.5,8572.515,8635.015,7800.0,7810.015
856,COMP_M,SSMS,Computation,Task,11,29,10005,109,Source,62.5,8610.015,8672.515,8600.0,8610.015
859,COMP_M,SSMS,Computation,Task,17,27,10008,107,Source,62.5,8610.015,8672.515,8600.0,8610.015
860,COMP_M,SSMS,Computation,Task,19,26,10009,106,Source,62.5,8610.015,8672.515,8600.0,8610.015
785,COMP_M,SSMS,Computation,Task,9,28,10004,108,Source,62.5,8635.015,8697.515,7900.0,7910.015
786,COMP_M,SSMS,Computation,Task,11,28,10005,108,Source,62.5,8697.515,8760.015,7900.0,7910.015
866,COMP_M,SSMS,Computation,Task,11,29,10005,109,Source,62.5,8710.015,8772.515,8700.0,8710.015
869,COMP_M,SSMS,Computation,Task,17,27,10008,107,Source,62.5,8710.015,8772.515,8700.0,8710.015
870,COMP_M,SSMS,Computation,Task,19,26,10009,106,Source,62.5,8710.015,8772.515,8700.0,8710.015
797,COMP_M,SSMS,Computation,Task,13,28,10006,108,Source,62.5,8760.015,8822.515,8000.0,8010.015
876,COMP_M,SSMS,Computation,Task,11,29,10005,109,Source,62.5,8810.015,8872.515,8800.0,8810.015
879,COMP_M,SSMS,Computation,Task,17,27,10008,107,Source,62.5,8810.015,8872.515,8800.0,8810.015
880,COMP_M,SSMS,Computation,Task,19,26,10009,106,Source,62.5,8810.015,8872.515,8800.0,8810.015
798,COMP_M,SSMS,Computation,Task,15,28,10007,108,Source,62.5,8822.515,8885.015,8000.0,8010.015
807,COMP_M,SSMS,Computation,Task,13,28,10006,108,Source,62.5,8885.015,8947.515,8100.0,8110.015
886,COMP_M,SSMS,Computation,Task,11,29,10005,109,Source,62.5,8910.015,8972.515,8900.0,8910.015
889,COMP_M,SSMS,Computation,Task,17,27,10008,107,Source,62.5,8910.015,8972.515,8900.0,8910.015
890,COMP_M,SSMS,Computation,Task,19,26,10009,106,Source,62.5,8910.015,8972.515,8900.0,8910.015
808,COMP_M,SSMS,Computation,Task,15,28,10007,108,Source,62.5,8947.515,9010.015,8100.0,8110.015
817,COMP_M,SSMS,Computation,Task,13,28,10006,108,Source,62.5,9010.015,9072.515,8200.0,8210.015
898,COMP_M,SSMS,Computation,Task,15,29,10007,109,Source,62.5,9010.015,9072.515,9000.0,9010.015
818,COMP_M,SSMS,Computation,Task,15,28,10007,108,Source,62.5,9072.515,9135.015,8200.0,8210.015
908,COMP_M,SSMS,Computation,Task,15,29,10007,109,Source,62.5,9110.015,9172.515,9100.0,9110.015
827,COMP_M,SSMS,Computation,Task,13,28,10006,108,Source,62.5,9135.015,9197.515,8300.0,8310.015
828,COMP_M,SSMS,Computation,Task,15,28,10007,108,Source,62.5,9197.515,9260.015,8300.0,8310.015
918,COMP_M,SSMS,Computation,Task,15,29,10007,109,Source,62.5,9210.015,9272.515,9200.0,9210.015
837,COMP_M,SSMS,Computation,Task,13,28,10006,108,Source,62.5,9260.015,9322.515,8400.0,8410.015
928,COMP_M,SSMS,Computation,Task,15,29,10007,109,Source,62.5,9310.015,9372.515,9300.0,9310.015
838,COMP_M,SSMS,Computation,Task,15,28,10007,108,Source,62.5,9322.515,9385.015,8400.0,8410.015
847,COMP_M,SSMS,Computation,Task,13,28,10006,108,Source,62.5,9385.015,9447.515,8500.0,8510.015
938,COMP_M,SSMS,Computation,Task,15,29,10007,109,Source,62.5,9410.015,9472.515,9400.0,9410.015
848,COMP_M,SSMS,Computation,Task,15,28,10007,108,Source,62.5,9447.515,9510.015,8500.0,8510.015
857,COMP_M,SSMS,Computation,Task,13,28,10006,108,Source,62.5,9510.015,9572.515,8600.0,8610.015
948,COMP_M,SSMS,Computation,Task,15,29,10007,109,Source,62.5,9510.015,9572.515,9500.0,9510.015
858,COMP_M,SSMS,Computation,Task,15,28,10007,108,Source,62.5,9572.515,9635.015,8600.0,8610.015
958,COMP_M,SSMS,Computation,Task,15,29,10007,109,Source,62.5,9610.015,9672.515,9600.0,9610.015
867,COMP_M,SSMS,Computation,Task,13,28,10006,108,Source,62.5,9635.015,9697.515,8700.0,8710.015
868,COMP_M,SSMS,Computation,Task,15,28,10007,108,Source,62.5,9697.515,9760.015,8700.0,8710.015
968,COMP_M,SSMS,Computation,Task,15,29,10007,109,Source,62.5,9710.015,9772.515,9700.0,9710.015
877,COMP_M,SSMS,Computation,Task,13,28,10006,108,Source,62.5,9760.015,9822.515,8800.0,8810.015
978,COMP_M,SSMS,Computation,Task,15,29,10007,109,Source,62.5,9810.015,9872.515,9800.0,9810.015
878,COMP_M,SSMS,Computation,Task,15,28,10007,108,Source,62.5,9822.515,9885.015,8800.0,8810.015
887,COMP_M,SSMS,Computation,Task,13,28,10006,108,Source,62.5,9885.015,9947.515,8900.0,8910.015
988,COMP_M,SSMS,Computation,Task,15,29,10007,109,Source,62.5,9910.015,9972.515,9900.0,9910.015
888,COMP_M,SSMS,Computation,Task,15,28,10007,108,Source,62.5,9947.515,10010.015,8900.0,8910.015
